Sharpe,Sortino,MaxDrawdown,AnnualReturn,AnnualVol,FinalWealthFactor,WinRate
0.5311509385109143,0.6553127817484488,0.32835655589435603,0.08730797088368769,0.19272727759822747,1.51719561122566,0.5282868525896415
