Sharpe,Sortino,MaxDrawdown,AnnualReturn,AnnualVol,FinalWealthFactor,WinRate
0.6117157057789385,0.761478961843759,0.3365156290377406,0.1097816142933814,0.20470397910690447,1.679925637842832,0.5330677290836653
