Sharpe,Sortino,MaxDrawdown,AnnualReturn,AnnualVol,FinalWealthFactor,WinRate
0.5059503421124706,0.6224567376709669,0.35952530797560445,0.08571197311234768,0.203859007143461,1.5061371209449521,0.5211155378486055
