Sharpe,Sortino,MaxDrawdown,AnnualReturn,AnnualVol,FinalWealthFactor,WinRate
0.6006958277181546,0.7321609162231283,0.3592737041423782,0.10876410509949719,0.20815644108910414,1.6722689377177078,0.5346613545816733
