Sharpe,Sortino,MaxDrawdown,AnnualReturn,AnnualVol,FinalWealthFactor,WinRate
0.7201172701930447,0.8761861733599301,0.3586572362261221,0.1318671682143957,0.1999725205339412,1.8531473071671194,0.5410358565737052
