Sharpe,Sortino,MaxDrawdown,AnnualReturn,AnnualVol,FinalWealthFactor,WinRate
0.6941569034117866,0.861323970978657,0.36538783261133406,0.1309214517433741,0.20886300527673904,1.8454489779556367,0.5266932270916335
