Sharpe,Sortino,MaxDrawdown,AnnualReturn,AnnualVol,FinalWealthFactor,WinRate
0.7343316428254346,0.913085463828773,0.32136364588147104,0.12848113513971438,0.18905990760769142,1.8257023019822654,0.5386454183266932
