Sharpe,Sortino,MaxDrawdown,AnnualReturn,AnnualVol,FinalWealthFactor,WinRate
0.7362869782832246,0.9203789372175469,0.32205451089870524,0.12654574109596428,0.18525706349287616,1.8101617670813062,0.5354581673306773
