Sharpe,Sortino,MaxDrawdown,AnnualReturn,AnnualVol,FinalWealthFactor,WinRate
0.8438117576949972,1.0894728154473015,0.33796356678322403,0.16380423426010182,0.20472579628921725,2.128592478559248,0.5250996015936255
